310.109375,1562.75
106.234375,0
100.25,2223.5
101.578125,2242.75
110.25,0
111.59375,0
112.921875,0
114.25,0
115.59375,0
116.921875,0
118.265625,0
119.609375,0
120.9375,0
122.28125,0
123.609375,0
124.953125,0
126.296875,0
120.171875,2695.5
121.46875,2747
122.828125,2743.25
124.171875,2697.75
125.546875,2616.25
126.875,2553.25
128.234375,2509.75
129.59375,2444.5
130.96875,2404.25
132.28125,2363.5
133.625,2325
135.015625,2277.5
136.3125,2249
137.703125,2214.5
139.03125,2187
140.390625,2149.5
141.734375,2127.25
143.0625,2098.75
144.4375,2065.75
145.765625,2050
147.09375,2030.25
148.46875,2010.75
149.8125,2000.5
151.171875,1980.25
152.515625,1963.25
153.859375,1943.25
155.203125,1930.75
156.515625,1929.5
157.84375,1915.5
159.203125,1900.25
160.53125,1896
161.90625,1894.25
163.203125,1893.75
164.578125,1874.25
165.875,1876
167.25,1874.25
168.609375,1874.5
169.9375,1865.5
171.25,1870.75
172.609375,1878.75
173.953125,1871.25
175.234375,1877
176.625,1884
177.921875,1890.75
179.34375,1888.25
180.65625,1902
181.96875,1911.5
183.3125,1921
184.65625,1930.25
185.984375,1947.25
187.328125,1959.5
188.671875,1980
189.984375,1987.25
191.328125,2009
192.6875,2021.5
194.015625,2050.25
195.328125,2066.25
196.703125,2093.75
197.984375,2109.25
199.3125,2145.75
200.6875,2163.5
201.96875,2199
203.34375,2223.5
204.625,2259.75
205.984375,2287.25
207.296875,2333.5
208.625,2377.5
209.96875,2428
211.265625,2463
212.625,2519.75
213.953125,2564
215.28125,2631.75
216.609375,2710.5
217.921875,2753.5
219.25,2835.75
220.59375,2925.25
221.890625,3024.25
223.234375,3103.5
224.546875,3194
225.875,3318.25
227.25,3437.5
228.578125,3561.5
229.921875,3702.5
231.234375,3880.5
232.578125,3831
233.9375,3804
235.28125,3774.75
236.609375,3710.25
237.953125,3686.25
239.328125,3641.5
240.65625,3625.75
242.015625,3575.5
243.34375,3486.25
244.6875,3452.5
246.046875,3426
247.390625,3414.75
256.3125,0
257.65625,0
258.953125,0
260.28125,0
261.625,0
262.96875,0
264.3125,0
265.640625,0
266.984375,0
268.328125,0
269.671875,0
271,0
272.34375,0
273.6875,0
275.03125,0
276.375,0
277.703125,0
279.046875,0
280.375,0
274.140625,3526.5
275.359375,3533.75
276.734375,3257.5
278.109375,2954.75
279.484375,2695.5
280.828125,2570.25
282.203125,2377
283.578125,2236
284.9375,2196.25
286.28125,2204.25
287.609375,2231.25
288.90625,2258.75
290.265625,2283.75
291.5625,2306.75
292.890625,2345.5
294.21875,2417.75
295.578125,2313
296.9375,2240
298.265625,2178.75
299.71875,2122.25
301.0625,2065.75
302.421875,2012.25
303.75,1953.25
305.125,1915.75
306.484375,1863.25
307.796875,1831.25
309.171875,1801
310.53125,1757.5
311.90625,1727.75
313.203125,1693.5
314.546875,1665.75
315.9375,1641.25
317.296875,1619
318.65625,1592.5
319.953125,1585
321.34375,1555.5
322.65625,1531
324.046875,1515.75
325.40625,1496.25
326.78125,1481.75
328.109375,1467.75
329.484375,1453.25
330.78125,1442.5
332.140625,1431.75
333.546875,1421
334.875,1413
336.203125,1400.25
337.5625,1392.25
338.890625,1386.5
340.21875,1379.75
341.59375,1372.75
342.90625,1372.5
344.28125,1369
345.625,1363.25
346.953125,1362.75
348.328125,1360.5
349.703125,1315.5
350.9375,1344.25
352.296875,1355.75
353.625,1363
355.015625,1366.25
356.359375,1368.25
357.609375,1369
358.96875,1375.25
0.3125,1382
1.671875,1387.5
2.96875,1398
4.296875,1400.5
5.65625,1415.25
7.03125,1420.25
8.28125,1431.75
9.65625,1448.25
11,1455.25
12.3125,1467.75
13.65625,1484
15,1491.5
16.34375,1511
17.671875,1529
18.96875,1552.75
20.296875,1574
21.625,1587.75
22.96875,1609.5
24.328125,1636.5
25.59375,1666.25
26.9375,1689.5
28.265625,1724
29.59375,1750.75
30.890625,1781
32.25,1826.5
33.5625,1859.5
34.90625,1895.75
36.234375,1942
37.546875,1994.5
38.921875,2035.75
40.21875,2117.75
41.546875,2164
42.84375,2233.25
44.15625,2305.75
45.5,2324
46.890625,2279
48.1875,2289.25
49.546875,2302.25
50.875,2272
52.21875,2342.5
53.5625,2316.5
54.9375,2307.5
56.25,2287.75
57.59375,2266.25
58.890625,2242
60.265625,2223.5
61.5625,2213.75
62.953125,2199.25
64.28125,2169.5
65.609375,2164
66.96875,2149
68.3125,2143.5
69.640625,2119
71,2121
72.28125,2109.75
73.640625,2105.25
75.015625,2104.25
76.359375,2107.5
77.625,2169.25
78.984375,2153.75
80.3125,2147.5
81.671875,2140.25
82.953125,2157.5
84.28125,2163.5
85.609375,2173
86.953125,2171.25
88.265625,2177
89.59375,2196.25
90.90625,2177.5
92.265625,2198.5
93.578125,2211.5
94.90625,2245.25
103.609375,0
97.609375,2252.5
106.28125,0
100.265625,2217.25
101.59375,2225
102.890625,2296.5
111.609375,0
112.9375,0
114.21875,0
115.5625,0
116.875,0
118.21875,0
119.546875,0
120.875,0
122.203125,0
123.546875,0
124.875,0
126.203125,0
127.53125,0
121.390625,2755.75
122.703125,2746.25
124.0625,2701.25
125.40625,2630.5
126.75,2578.25
128.09375,2519.75
129.4375,2470.75
130.84375,2407.5
132.171875,2372.75
133.515625,2340
134.875,2291.5
136.1875,2259.75
137.546875,2216
138.890625,2185.25
140.265625,2151.5
141.578125,2130.25
142.921875,2089.5
144.265625,2087.5
145.625,2056
146.921875,2040.5
148.265625,2015
149.609375,2001.75
150.953125,1984
152.328125,1971
153.65625,1955.25
154.9375,1935.75
156.234375,1929.25
157.609375,1922.25
158.953125,1904.25
160.28125,1892.25
161.609375,1893.25
162.9375,1889
164.234375,1885.5
165.578125,1873.75
166.921875,1873
168.28125,1872.25
169.59375,1869.75
170.9375,1873.25
172.25,1868.5
173.59375,1874.25
174.921875,1877.5
176.21875,1883.5
177.59375,1884
178.96875,1897
180.296875,1900
181.671875,1909.25
182.96875,1908.75
184.3125,1937.75
185.640625,1941.25
186.96875,1951.75
188.296875,1977.5
189.625,1985
190.96875,1991.75
192.25,2015
193.578125,2042
194.9375,2060.75
196.25,2069.75
197.578125,2098.75
198.90625,2120.75
200.265625,2157.5
201.5625,2187
202.90625,2215.5
204.234375,2247
205.578125,2297.25
206.875,2321.5
208.21875,2368
209.53125,2393.75
210.84375,2446.75
212.1875,2502.75
213.484375,2550.25
214.8125,2628.5
216.15625,2699.75
217.453125,2735.25
218.796875,2817.75
220.125,2912
221.40625,2991
222.765625,3086.75
224.0625,3179.25
225.390625,3283.5
226.796875,3403.5
228.109375,3530.25
229.453125,3656.25
230.75,3829.75
232.109375,3821.5
233.4375,3813.5
234.796875,3784
236.125,3711.5
237.46875,3678.75
238.8125,3652.75
240.15625,3621
241.5,3591
242.859375,3496.75
244.203125,3478
245.546875,3435.25
246.875,3409.25
248.21875,3402.5
257.125,0
258.484375,0
259.828125,0
261.171875,0
262.5,0
263.84375,0
265.1875,0
266.515625,0
267.859375,0
269.203125,0
270.546875,0
271.875,0
273.21875,0
274.5625,0
275.90625,0
277.25,0
278.59375,0
279.921875,0
281.265625,0
274.9375,3505
276.25,3554.5
277.65625,3054.75
279.015625,2771.5
280.375,2622.5
281.78125,2433
283.15625,2275.25
284.53125,2186.5
285.828125,2205.25
287.1875,2224.5
288.515625,2247
289.84375,2273.75
291.125,2305.75
292.5,2309.5
293.8125,2434.5
295.15625,2345
296.5,2267.75
297.875,2203.75
299.328125,2129.75
300.65625,2080.75
302.015625,2029.5
303.375,1978.25
304.734375,1921.25
306.109375,1891.25
307.453125,1840.5
308.78125,1806.5
310.1875,1771.75
311.5,1736.5
312.875,1704.5
314.265625,1675
315.578125,1653.5
316.921875,1622.25
318.25,1599
319.671875,1575
321,1559.5
322.359375,1537.75
323.65625,1525.25
325.03125,1504
326.359375,1488.25
327.71875,1470.25
329.109375,1455.5
330.40625,1447.75
331.765625,1436.5
333.09375,1422.25
334.46875,1413.75
335.84375,1404.25
337.125,1398
338.5,1389.75
339.796875,1380.5
341.203125,1376
342.546875,1372
343.828125,1365.75
345.203125,1366.5
346.578125,1363
347.90625,1363
349.203125,1353.25
350.640625,1280.5
351.859375,1363
353.265625,1363.5
354.59375,1364
355.90625,1364.75
357.265625,1374.75
358.546875,1372
359.921875,1378.25
1.1875,1387.25
2.59375,1392.5
3.90625,1398.25
5.1875,1413.5
6.5625,1418.5
7.90625,1428.25
9.25,1438.5
10.515625,1446.5
11.828125,1465
13.15625,1480
14.53125,1487.5
15.8125,1510.25
17.140625,1522
18.46875,1543.5
19.78125,1562.75
21.15625,1582.75
22.46875,1607.75
23.765625,1628.25
25.109375,1657.25
26.390625,1676.5
27.734375,1711
29.0625,1744.25
30.40625,1775.25
31.703125,1802.25
33.0625,1839.75
34.359375,1883
35.71875,1925
37.0625,1965
38.34375,2017.5
39.6875,2084.25
41,2145.25
42.296875,2199
43.640625,2290
44.9375,2333.5
46.328125,2290.5
47.65625,2264.75
48.96875,2302.75
50.3125,2271.5
51.625,2324.5
52.96875,2342
54.3125,2325
55.6875,2298.75
57.015625,2270
58.34375,2258.25
59.65625,2232.25
61.015625,2214
62.328125,2202.5
63.6875,2174.25
65.015625,2163.5
66.359375,2157.5
67.671875,2148.25
69.03125,2138.5
70.359375,2122.75
71.671875,2124.5
73.0625,2119.75
74.390625,2105.5
75.6875,2110.5
77,2187.5
78.375,2162.25
79.703125,2166.5
81.046875,2145.25
82.359375,2164.5
83.609375,2180.5
84.96875,2165.25
86.3125,2188.25
87.59375,2189.75
88.96875,2195.75
90.265625,2197.25
91.609375,2206
92.96875,2209.5
94.28125,2217.25
95.59375,2232.75
96.90625,2252.25
105.609375,0
99.625,2221.25
100.953125,2226.25
102.234375,2256
110.9375,0
112.28125,0
113.609375,0
114.90625,0
116.234375,0
117.5625,0
118.890625,0
120.21875,0
121.546875,0
122.890625,0
124.21875,0
125.546875,0
119.390625,2726.5
120.75,2749.75
122.078125,2775.75
123.375,2714.25
124.75,2655
126.078125,2590.5
127.421875,2538.75
128.75,2490.25
130.109375,2433
131.484375,2379.5
132.828125,2334
134.203125,2297.25
135.53125,2263.75
136.84375,2236
138.203125,2200.75
139.53125,2158.5
140.875,2131.5
142.234375,2108
143.546875,2080
144.890625,2066.25
146.21875,2041.25
147.5625,2028.75
148.90625,2006.5
150.234375,1989.75
151.578125,1972.25
152.953125,1957
154.25,1946.25
155.609375,1933.75
157.015625,1922.5
158.296875,1903.75
159.640625,1902.75
160.96875,1893.75
162.34375,1889
163.65625,1890
164.984375,1864
166.328125,1874
167.703125,1869
169,1868.5
170.34375,1867.5
171.6875,1865.5
173,1873
174.359375,1877.75
175.640625,1881.25
176.984375,1894
178.3125,1895.75
179.703125,1895.75
181.0625,1899
182.375,1917.25
183.71875,1933
185.03125,1940
186.390625,1948
187.75,1958
189.0625,1982.5
190.40625,1993.25
191.703125,2019
193.046875,2032.5
194.375,2057.25
195.75,2067.25
197.078125,2093.75
198.390625,2113.25
199.671875,2147.5
201.046875,2184.75
202.375,2206
203.703125,2248.5
205.03125,2272.5
206.359375,2305.25
207.703125,2352.75
209.03125,2388.5
210.375,2433.5
211.671875,2480.5
213.015625,2541.75
214.375,2589.75
215.671875,2647.5
216.984375,2720
218.34375,2798.5
219.671875,2870.5
220.96875,2954
222.296875,3058.5
223.609375,3141.5
224.9375,3242.25
226.28125,3373.5
227.609375,3496.75
228.921875,3598.25
230.25,3808
231.59375,3833.75
232.921875,3824.25
234.296875,3780
235.609375,3733.25
236.984375,3705
238.296875,3671.25
239.65625,3645.25
241,3597
242.328125,3530.25
243.703125,3450
245.046875,3438.5
246.375,3421.5
247.71875,3405.75
256.625,0
257.96875,0
259.328125,0
260.671875,0
262,0
263.34375,0
264.6875,0
266.03125,0
267.375,0
268.703125,0
270.046875,0
271.390625,0
272.734375,0
274.078125,0
275.40625,0
276.75,0
278.09375,0
279.4375,0
280.765625,0
274.421875,3509.75
275.75,3545.75
277.09375,3213
278.5,2764
279.875,2683.5
281.25,2506.25
282.59375,2332
283.96875,2184
285.296875,2197.25
286.640625,2215
287.9375,2245.75
289.3125,2265.25
290.640625,2284.25
291.96875,2308
293.265625,2396.25
294.625,2360.75
295.953125,2292.5
297.3125,2226.75
298.765625,2158.75
300.109375,2099.5
301.46875,2047.25
302.828125,1995
304.171875,1950
305.53125,1905.25
306.890625,1856.25
308.234375,1822.5
309.625,1780.5
310.90625,1748
312.296875,1714.25
313.640625,1685
315.03125,1664
316.375,1635
317.6875,1611
319.046875,1587.5
320.4375,1565.75
321.71875,1549.5
323.125,1528.25
324.421875,1509.25
325.8125,1489
327.140625,1480.75
328.453125,1462.5
329.859375,1454.75
331.1875,1438
332.515625,1434.25
333.859375,1418
335.171875,1411.5
336.53125,1396.75
337.859375,1394.5
339.203125,1386.75
340.609375,1383.75
341.921875,1377.25
343.265625,1371.25
344.578125,1374.25
345.96875,1360
347.25,1365
348.609375,1362.75
349.953125,1301.25
351.25,1359.5
352.65625,1363.5
353.96875,1362
355.234375,1364.75
356.578125,1370.5
357.953125,1373.25
359.296875,1375.5
0.625,1386.25
1.921875,1389.5
3.28125,1399.5
4.578125,1406.75
5.921875,1419.25
7.234375,1425.75
8.546875,1441.75
9.875,1448.75
11.25,1462.5
12.53125,1473.5
13.890625,1490
15.203125,1507.25
16.5,1529.5
17.859375,1536.25
19.15625,1558.25
20.484375,1578.75
21.84375,1599
23.125,1622.5
24.453125,1650.5
25.796875,1673.25
27.125,1701.75
28.375,1731
29.75,1766
31.046875,1789.75
32.359375,1834
33.703125,1872.25
35.015625,1918.25
36.359375,1956
37.671875,2003.5
38.96875,2053.5
40.296875,2131.5
41.59375,2189.75
42.921875,2251.75
44.25,2322
45.59375,2320.5
46.9375,2274.25
48.296875,2290
49.59375,2281.5
50.9375,2302.75
52.265625,2345
53.59375,2323
54.9375,2307.25
56.3125,2279
57.609375,2267.25
59.015625,2242.75
60.3125,2211.5
61.671875,2203.75
63.015625,2194
64.359375,2174.25
65.671875,2156.75
67.015625,2151.25
68.375,2141
69.71875,2119
71.03125,2124
72.375,2113.75
73.703125,2106.5
75.078125,2104.25
76.390625,2099.5
77.71875,2141.5
79.046875,2161
80.375,2145.75
81.734375,2161.75
83.015625,2174.75
84.34375,2177.75
85.65625,2178.25
86.984375,2185.75
88.34375,2177.75
89.625,2199
91,2191.75
92.328125,2226.25
93.65625,2236.75
94.984375,2246.5
96.28125,2249
104.984375,0
106.328125,0
100.3125,2221.75
101.640625,2230
110.328125,0
111.65625,0
112.984375,0
114.328125,0
115.65625,0
117,0
118.3125,0
119.65625,0
120.984375,0
122.328125,0
123.65625,0
124.984375,0
126.3125,0
120.171875,2714.25
121.53125,2770.5
122.828125,2727.25
124.1875,2688.5
125.546875,2615
126.921875,2547
128.25,2491.75
129.578125,2438.5
130.90625,2398.5
132.234375,2355.75
133.625,2308
134.9375,2270.5
136.28125,2237.75
137.59375,2209.25
138.984375,2167.75
140.3125,2136
141.640625,2115
143,2095.75
144.3125,2072.5
145.671875,2042.25
146.984375,2030.25
148.34375,2004.5
149.703125,1985.25
151.015625,1976.75
152.34375,1958.5
153.703125,1938.75
155.03125,1933.75
156.390625,1918.5
157.71875,1904.75
159.078125,1897.25
160.375,1894.75
161.734375,1887.75
163.09375,1884
164.4375,1869
165.75,1869.75
167.0625,1866.25
168.390625,1862.75
169.75,1864.25
171.09375,1863.25
172.4375,1875.5
173.75,1869.75
175.046875,1876
176.4375,1878.75
177.71875,1891.75
179.125,1893
180.46875,1903.25
181.765625,1912.5
183.09375,1917.25
184.46875,1929.75
185.796875,1944.75
187.109375,1959.5
188.421875,1982.25
189.765625,1988.25
191.109375,2002
192.453125,2023.75
193.75,2039
195.109375,2060.75
196.421875,2095.5
197.75,2106
199.078125,2132.75
200.40625,2164.5
201.75,2199.25
203.15625,2226
204.5,2271.5
205.875,2308.5
207.15625,2334
208.5,2378
209.84375,2424.75
211.15625,2463
212.5,2518
213.828125,2578.25
215.140625,2631.25
216.5,2706.25
217.796875,2770
219.171875,2833.25
220.46875,2936.25
221.78125,3029.75
223.109375,3118.75
224.453125,3215
225.765625,3338.75
227.109375,3461.75
228.453125,3578
229.765625,3739.75
231.109375,3851.5
232.4375,3839.25
233.796875,3782.75
235.15625,3725.5
236.5,3698.75
237.84375,3675
239.171875,3629.5
240.546875,3616
241.890625,3561.5
243.21875,3517
244.578125,3443.25
245.921875,3413.75
247.28125,3399
256.1875,0
257.53125,0
258.890625,0
260.234375,0
261.578125,0
262.921875,0
264.265625,0
265.609375,0
266.953125,0
268.296875,0
269.640625,0
270.984375,0
272.328125,0
273.671875,0
275.015625,0
276.359375,0
277.703125,0
279.046875,0
280.390625,0
274.140625,3529
275.375,3533.75
276.734375,3248.25
278.125,2950.5
279.484375,2693.5
280.859375,2543
282.265625,2374.25
290.96875,0
285,2184.25
286.296875,2207
287.640625,2222.25
288.953125,2255
290.328125,2277.5
291.609375,2306.25
292.9375,2333.5
294.265625,2402.25
295.640625,2311.5
296.984375,2244.75
298.359375,2177.75
299.734375,2118.25
301.078125,2061.25
302.46875,2002
303.828125,1957.75
305.203125,1913
306.515625,1870.5
307.875,1828.75
309.265625,1796.75
310.578125,1756.5
311.96875,1726.5
313.34375,1692.75
314.640625,1667.75
316.03125,1639.25
317.40625,1617.75
318.703125,1591.75
320.046875,1569.75
321.453125,1557.25
322.75,1532.75
324.140625,1512.5
325.5,1503.5
326.859375,1483.5
328.171875,1470.25
329.515625,1457
330.890625,1445.75
332.1875,1433.25
333.578125,1421.25
334.953125,1414.75
336.265625,1402.75
337.578125,1396.75
338.96875,1389.25
340.25,1384.5
341.59375,1378.25
343,1373.25
344.328125,1368.5
345.65625,1364.5
347.015625,1365.25
348.296875,1362
349.703125,1300.25
350.96875,1361
352.265625,1364.75
353.6875,1366.75
355.015625,1365.25
356.34375,1371.75
357.703125,1377.5
358.96875,1378.25
0.359375,1386.75
1.65625,1396
2.984375,1401
4.296875,1408.75
5.671875,1419.75
6.953125,1424.5
8.3125,1434.5
9.609375,1447.25
10.96875,1454.75
12.359375,1471.75
13.671875,1486.75
14.953125,1509.25
16.328125,1521.75
17.625,1539
18.9375,1560.75
20.328125,1577.25
21.65625,1595.25
22.921875,1623.5
24.28125,1643.25
25.609375,1672.75
26.90625,1693.75
28.28125,1733.25
29.5625,1755.25
30.921875,1790.5
32.21875,1833.25
33.546875,1870
34.859375,1910
36.140625,1959.25
37.453125,2002.5
38.796875,2053
40.125,2128.5
41.453125,2190
42.75,2251.25
44.078125,2318
45.390625,2325.5
46.765625,2278.5
48.09375,2299.75
49.453125,2290.5
50.734375,2297
52.078125,2357.25
53.421875,2336
54.796875,2309
56.140625,2283.75
57.46875,2265.75
58.8125,2241.5
60.140625,2221
61.484375,2209.25
62.828125,2195
64.1875,2170
65.5,2163.25
66.875,2156.25
68.203125,2147
69.5625,2135.5
70.890625,2126.5
72.203125,2116.25
73.59375,2105.5
74.90625,2100.75
76.234375,2097.5
77.578125,2155
78.90625,2158
80.234375,2140.25
81.578125,2156.25
82.828125,2167.5
84.15625,2170.5
85.515625,2176
86.84375,2183
88.15625,2192.75
89.46875,2199
90.828125,2206
92.140625,2204.75
93.484375,2222.25
94.796875,2242
96.15625,2246
104.828125,0
106.15625,0
100.140625,2225
101.46875,2233.25
110.171875,0
111.5,0
112.828125,0
114.1875,0
115.515625,0
116.84375,0
118.1875,0
119.515625,0
120.859375,0
122.1875,0
123.53125,0
124.859375,0
126.1875,0
120.046875,2743.25
121.375,2779.75
122.71875,2733
124.09375,2651.5
125.40625,2613.75
126.75,2550.25
128.125,2500.5
129.453125,2440.75
130.859375,2400.5
132.15625,2353.75
133.5,2306.25
134.84375,2276.75
136.21875,2240
137.5625,2203.75
138.90625,2166.5
140.265625,2144.75
141.5625,2106.5
142.953125,2093.75
144.28125,2060.75
145.59375,2047
146.96875,2020.75
148.28125,2005
149.640625,1985
150.953125,1974.75
152.296875,1957.5
153.671875,1943
155.046875,1933.25
156.359375,1927.5
157.734375,1909
159.046875,1898
160.390625,1892
161.75,1886
163.09375,1879.75
164.4375,1870
165.734375,1870.5
167.09375,1872
168.4375,1867.5
169.765625,1867.5
171.140625,1865.75
172.453125,1868.75
173.765625,1866.25
175.09375,1872.75
176.4375,1880.5
177.78125,1883.75
179.21875,1890.25
180.5,1894.75
181.890625,1908.25
183.203125,1917.5
184.53125,1932.25
185.84375,1940
187.203125,1952.5
188.5625,1973.5
189.890625,1990
191.21875,2008.25
192.53125,2020.5
193.90625,2051.75
195.203125,2073.25
196.53125,2100.75
197.90625,2112
199.203125,2144.5
200.53125,2162.75
201.875,2192.25
203.25,2217.75
204.5625,2272
205.921875,2299.75
207.234375,2331
208.59375,2381
209.890625,2432.5
211.234375,2476.5
212.59375,2520.25
213.921875,2568.25
215.234375,2632.5
216.546875,2708.5
217.921875,2770.5
219.234375,2849
220.578125,2927.75
221.890625,3026
223.21875,3123.25
224.53125,3210
225.859375,3333.25
227.25,3469.75
228.578125,3595.75
229.921875,3746
231.25,3852.75
232.578125,3820.25
233.9375,3786.75
235.296875,3742.25
236.640625,3691.25
238,3663.75
239.34375,3665
240.71875,3572
242.046875,3558
243.390625,3471
244.75,3444.25
246.09375,3418.25
247.4375,3412.5
256.359375,0
257.703125,0
259.03125,0
260.375,0
261.71875,0
263.078125,0
264.40625,0
265.75,0
267.09375,0
268.453125,0
269.796875,0
271.140625,0
272.484375,0
273.828125,0
275.171875,0
276.515625,0
277.859375,0
279.203125,0
280.546875,0
274.296875,3524.25
275.546875,3556.75
276.90625,3226
278.296875,2939.5
279.671875,2689.25
281.0625,2536.25
282.4375,2375.75
283.8125,2224
285.125,2199
286.515625,2207.25
287.8125,2232.75
289.15625,2249.75
290.46875,2282
291.796875,2322
293.15625,2360.75
294.453125,2393.75
295.8125,2302.75
297.15625,2242
298.515625,2174
299.84375,2120.75
301.203125,2054.25
302.59375,2010
303.921875,1958.5
305.28125,1911.75
306.640625,1872
308,1829.25
309.359375,1793.5
310.71875,1758
312.046875,1729.25
313.421875,1696.25
314.734375,1668.75
316.109375,1639.75
317.4375,1621.5
318.78125,1591.5
320.125,1569.25
321.53125,1555
322.859375,1531.75
324.171875,1511.75
325.5625,1503.5
326.859375,1480.25
328.21875,1468.5
329.5625,1460.5
330.96875,1440.75
332.296875,1431
333.578125,1417.5
334.953125,1414.5
336.3125,1403.25
337.65625,1399.5
338.9375,1395
340.328125,1379
341.640625,1377
343,1374.5
344.34375,1368.5
345.703125,1370
347.015625,1368
348.34375,1362.5
349.703125,1327.5
350.96875,1358.25
352.28125,1369.25
353.609375,1367.75
354.9375,1366.25
356.296875,1374.5
357.59375,1373.25
358.90625,1384.5
0.25,1384.5
1.609375,1390
2.953125,1400.75
4.25,1409.5
5.625,1418.25
6.953125,1425.25
8.21875,1438.5
9.59375,1448
10.859375,1465.25
12.28125,1474.5
13.5625,1484
14.875,1510.25
16.21875,1523.25
17.515625,1537.25
18.890625,1555.5
20.171875,1574.25
21.53125,1596.75
22.828125,1622.25
24.171875,1640.25
25.5,1673
26.765625,1693.5
28.09375,1731.5
29.4375,1755
30.734375,1791.25
32.046875,1830
33.390625,1875.25
34.6875,1913.5
36.09375,1943.25
37.375,2004.25
38.71875,2043
40.03125,2129.75
41.328125,2187
42.640625,2248.5
43.96875,2317
45.296875,2322.5
46.671875,2278.5
48,2299.75
49.3125,2287.25
50.65625,2294
51.984375,2358.25
53.3125,2334.5
54.640625,2305.25
56.03125,2283.25
57.34375,2267.75
58.6875,2242.5
60.0625,2214.5
61.40625,2207.75
62.734375,2198
64.09375,2183
65.421875,2160.5
66.734375,2153
68.078125,2140.75
69.453125,2141
70.78125,2129.75
72.140625,2112
73.4375,2108.5
74.8125,2101
76.15625,2107.5
77.4375,2154.25
78.765625,2164.5
80.125,2165.25
81.484375,2151.5
82.78125,2160.5
84.078125,2175.75
85.421875,2172.25
86.78125,2177.75
88.078125,2193.25
89.453125,2184.75
90.78125,2203.75
92.09375,2204.25
93.4375,2228.5
94.78125,2234
103.4375,0
97.390625,2249
106.109375,0
100.078125,2233.75
101.40625,2244.75
110.109375,0
111.453125,0
112.78125,0
114.09375,0
115.40625,0
116.75,0
118.078125,0
119.40625,0
120.75,0
122.078125,0
123.40625,0
124.734375,0
126.078125,0
119.921875,2703.5
121.234375,2747
122.625,2747.5
123.9375,2669
125.28125,2613.75
126.640625,2549.5
128,2495.25
129.328125,2435.25
130.765625,2386.75
132.09375,2361.75
133.4375,2311.5
134.765625,2280.5
136.109375,2245.25
137.484375,2207.25
138.828125,2179.5
140.140625,2147
141.46875,2140.75
142.84375,2094.25
144.171875,2066.25
145.546875,2049.5
146.84375,2031
148.203125,2010.5
149.5625,1986.75
150.875,1976.5
152.234375,1965.5
153.59375,1945
154.90625,1938.25
156.265625,1925
157.59375,1903
158.921875,1899
160.25,1896.75
161.640625,1889.25
162.96875,1877.5
164.265625,1877
165.625,1875.25
166.96875,1869.75
168.296875,1865.25
169.65625,1866.75
170.953125,1865
172.34375,1865.75
173.671875,1871.25
174.953125,1874
176.328125,1879.75
177.625,1887.75
179.078125,1896
180.390625,1897.75
181.75,1907
183.109375,1917.75
184.453125,1928
185.765625,1943.75
187.09375,1951.5
188.4375,1972.5
189.78125,1990.75
191.140625,1999.75
192.46875,2017
193.75,2047
195.140625,2056
196.453125,2080.75
197.78125,2110.5
199.109375,2135.25
200.4375,2162.75
201.78125,2192.25
203.109375,2226.25
204.40625,2255
205.765625,2299.25
207.0625,2327
208.421875,2374.25
209.71875,2406
211.03125,2463
212.40625,2520.25
213.734375,2559.75
215.046875,2627.75
216.359375,2707
217.671875,2771.5
219.015625,2828.75
220.328125,2926.25
221.671875,3007.5
222.984375,3102.75
224.3125,3201
225.640625,3316.25
227.015625,3443.25
228.34375,3565
229.65625,3693.75
230.984375,3854.25
232.34375,3847.25
233.671875,3790.75
235.03125,3726.75
236.359375,3693.75
237.703125,3668.75
239.078125,3631.75
240.421875,3576.75
241.734375,3571
243.09375,3454.75
244.453125,3455.75
245.796875,3431.75
247.140625,3423.75
256.046875,0
257.375,0
258.6875,0
260.03125,0
261.375,0
262.71875,0
264.046875,0
265.390625,0
266.734375,0
268.0625,0
269.40625,0
270.75,0
272.09375,0
273.4375,0
274.765625,0
276.109375,0
277.453125,0
278.78125,0
280.125,0
273.875,3502.75
275.15625,3531.25
276.53125,3274
277.90625,2969.25
279.265625,2678.75
280.640625,2565.25
282,2388
283.375,2233.25
284.75,2187
286.078125,2216.75
287.421875,2226.25
288.734375,2244.25
290.046875,2287.25
291.40625,2309
292.703125,2322.5
294.03125,2427
295.390625,2313.5
296.765625,2240
298.109375,2176
299.453125,2123.25
300.84375,2066.5
302.171875,2005
303.5625,1958
304.90625,1907.25
306.265625,1864.5
307.5625,1832.5
308.96875,1793.75
310.296875,1763.25
311.65625,1735
312.96875,1698.25
314.34375,1669.25
315.71875,1640.5
317.03125,1622
318.390625,1597.5
319.765625,1571
321.125,1551.5
322.46875,1531.5
323.78125,1521
325.15625,1501.5
326.515625,1484.75
327.875,1469.75
329.203125,1459.25
330.546875,1446.75
331.90625,1438.75
333.265625,1424.5
334.625,1416.75
335.9375,1406.25
337.265625,1394.75
338.59375,1387.75
339.9375,1385.25
341.25,1377
342.625,1374.5
343.953125,1369.25
345.296875,1365.5
346.625,1364
347.984375,1366
349.390625,1304.5
350.703125,1348.5
351.953125,1365.25
353.34375,1367
354.6875,1371.75
356.03125,1373.25
357.375,1376.5
358.640625,1378.75
359.984375,1384.25
1.328125,1391.25
2.640625,1398.75
4.015625,1404.5
5.328125,1415.75
6.625,1425.25
7.96875,1431.75
9.359375,1448.75
10.6875,1457.25
11.984375,1478
13.3125,1493.75
14.640625,1502.75
15.984375,1514
17.296875,1538.75
18.65625,1559.25
19.984375,1577.75
21.3125,1595.25
22.625,1626
23.9375,1642.25
25.25,1670.25
26.578125,1699.5
27.90625,1726.75
29.203125,1750.5
30.515625,1791
31.84375,1830.25
33.171875,1873
34.515625,1910
35.90625,1958.75
37.234375,2000.5
38.5625,2045.25
39.84375,2127.75
41.171875,2185.75
42.515625,2252.5
43.8125,2307.25
45.15625,2321.5
46.53125,2278.5
47.859375,2302.25
49.1875,2281.5
50.5625,2291
51.875,2358.75
53.203125,2334
54.546875,2315.5
55.9375,2277.5
57.265625,2264.25
58.59375,2247.5
59.9375,2216
61.3125,2207.75
62.65625,2195.75
63.96875,2163.25
65.3125,2163.25
66.6875,2150.75
68.015625,2142
69.34375,2124.5
70.6875,2123.25
72.046875,2108.5
73.421875,2104.25
74.75,2096.25
76.109375,2104.25
77.421875,2163.5
78.75,2161
80.09375,2141.5
81.4375,2159.25
82.765625,2164
84.09375,2167.5
85.4375,2177
86.765625,2175.75
88.125,2185.25
89.46875,2195.75
90.8125,2201.5
92.140625,2208.25
93.46875,2222.25
94.828125,2228.5
96.140625,2241
104.84375,0
106.1875,0
100.1875,2221.75
101.5,2244.75
110.203125,0
111.546875,0
112.890625,0
114.140625,0
115.484375,0
116.8125,0
118.140625,0
119.484375,0
120.828125,0
122.15625,0
123.5,0
124.84375,0
126.15625,0
120.015625,2746.25
121.359375,2762.5
122.703125,2734.5
124.046875,2675.25
125.390625,2619.75
126.75,2553.75
128.09375,2501.75
129.453125,2441.75
130.828125,2403.75
132.1875,2361.75
133.53125,2307.5
134.859375,2271
136.203125,2241
137.53125,2205.25
138.890625,2180.5
140.25,2146.5
141.578125,2107.25
142.9375,2096.25
144.265625,2062.75
145.609375,2043.5
146.96875,2028.25
148.328125,2005.25
149.625,1997
151,1976.75
152.34375,1968.25
153.671875,1940.25
155.015625,1935.25
156.328125,1928.75
157.65625,1907
158.96875,1897.75
160.328125,1894
161.65625,1889.75
163,1880.5
164.359375,1876.5
165.671875,1874
167,1869.5
168.359375,1868.75
169.71875,1865.75
171.046875,1861
172.375,1859.75
173.703125,1871
175.03125,1869.75
176.328125,1882.5
177.671875,1887.75
179.125,1892.25
180.40625,1899.75
181.78125,1909
183.125,1924.25
184.4375,1931.25
185.765625,1944.5
187.109375,1967.25
188.421875,1979
189.765625,1989
191.09375,2007.25
192.453125,2024.5
193.78125,2049.5
195.125,2058.75
196.453125,2095
197.78125,2110
199.09375,2147
200.421875,2161
201.75,2192.75
203.125,2232.25
204.46875,2268
205.78125,2292.5
207.09375,2341
208.453125,2368.5
209.765625,2428
211.09375,2459
212.4375,2520.25
213.734375,2574.5
215.09375,2633.75
216.40625,2716.25
217.703125,2774.5
219.046875,2840.5
220.375,2932
221.6875,3021.75
223.03125,3119.5
224.34375,3210
225.671875,3332.25
227.015625,3446.75
228.359375,3574.5
229.703125,3720.25
231.046875,3844.5
232.375,3828.25
233.703125,3817.5
235.078125,3738.25
236.421875,3706.25
237.75,3672.5
239.078125,3640.5
240.453125,3585
241.78125,3574.5
243.140625,3476.75
244.5,3472
245.84375,3438.5
247.15625,3413.75
256.09375,0
257.421875,0
258.78125,0
260.125,0
261.46875,0
262.796875,0
264.15625,0
265.484375,0
266.828125,0
268.171875,0
269.515625,0
270.859375,0
272.1875,0
273.53125,0
274.875,0
276.21875,0
277.5625,0
278.90625,0
280.25,0
274.015625,3509.75
275.203125,3523
276.59375,3260.5
277.96875,2967.5
279.328125,2697.75
280.6875,2561.75
282.0625,2376.5
283.46875,2192.25
284.78125,2200.75
286.125,2213.25
287.453125,2240.5
288.78125,2257.25
290.09375,2282.5
291.421875,2304.25
292.75,2341.5
294.09375,2408.5
295.453125,2310.5
296.78125,2245.25
298.15625,2184.75
299.578125,2117.75
300.90625,2057.75
302.265625,2001
303.65625,1965
305.015625,1913
306.359375,1871
307.703125,1829.25
309.03125,1802
310.40625,1765
311.765625,1729.5
313.09375,1698.75
314.453125,1668.25
315.8125,1645.25
317.1875,1619.5
318.546875,1599.25
319.875,1576
321.21875,1550.75
322.578125,1532
323.96875,1515
325.328125,1498.75
326.625,1479.5
328.015625,1466.5
329.328125,1454.5
330.703125,1444.25
332.015625,1426.75
333.390625,1422.75
334.765625,1414.25
336.09375,1402.75
337.390625,1396.25
338.765625,1390
340.109375,1377
341.5,1376.5
342.765625,1370
344.171875,1369.5
345.53125,1364
346.796875,1359
348.171875,1364.25
349.546875,1323.75
350.890625,1347
352.21875,1364
353.484375,1368.25
354.84375,1366
356.21875,1370.5
357.484375,1378.25
358.890625,1376.5
0.140625,1388
1.5625,1390.75
2.828125,1399.25
4.21875,1403
5.546875,1413.5
6.828125,1427.25
8.21875,1435.5
9.546875,1444.75
10.84375,1455.25
12.15625,1474.75
13.46875,1480.75
14.765625,1497.25
16.140625,1519.75
17.46875,1534.25
18.796875,1557
20.09375,1566.25
21.453125,1588.75
22.703125,1616.5
24.046875,1642.75
25.359375,1666.5
26.734375,1687.75
28.015625,1720.75
29.3125,1750.25
30.640625,1784.5
31.984375,1823.75
33.328125,1863.5
34.609375,1897
35.953125,1936.5
37.265625,1994.5
38.609375,2037.75
39.90625,2109.75
41.234375,2170.5
42.578125,2235
43.859375,2306.75
45.234375,2312.5
46.59375,2283.75
47.90625,2280
49.234375,2287.25
50.578125,2262
51.921875,2350
53.234375,2332
54.59375,2311
55.953125,2283.25
57.296875,2268
58.640625,2239.5
59.9375,2222.75
61.296875,2212.25
62.65625,2182.5
63.953125,2170.5
65.296875,2158
66.625,2150
67.953125,2142
69.328125,2126.5
70.65625,2113.75
72.015625,2108.75
73.34375,2104.75
74.671875,2100.75
76,2090.75
77.34375,2163.5
78.6875,2163.5
80,2139
81.328125,2157.25
82.6875,2159.25
83.984375,2168.25
85.3125,2161
86.625,2160.25
87.984375,2184.75
89.328125,2195.25
90.640625,2204.75
91.984375,2214.5
93.328125,2216.25
94.640625,2232.25
103.328125,0
104.65625,0
106,0
100,2214.5
101.3125,2244.25
110,0
111.328125,0
112.65625,0
114,0
115.3125,0
116.640625,0
117.96875,0
119.296875,0
120.640625,0
121.96875,0
123.296875,0
124.640625,0
125.96875,0
127.296875,0
121.171875,2741.75
122.46875,2767
123.84375,2701.25
125.1875,2623
126.515625,2557.5
127.890625,2511.5
129.21875,2466.25
130.625,2408
131.921875,2370.25
133.28125,2329.5
134.640625,2292
136,2246
137.359375,2216.25
138.671875,2183.5
140.046875,2155.75
141.328125,2128.25
142.703125,2096.25
144.046875,2065
145.390625,2060
146.71875,2031
148.09375,2012.25
149.40625,2004.25
150.734375,1988
152.109375,1969.25
153.453125,1956.25
154.796875,1938.5
156.140625,1918.5
157.46875,1916.5
158.8125,1901
160.125,1897.75
161.5,1886
162.828125,1876.25
164.1875,1878.75
165.53125,1875.5
166.84375,1872
168.171875,1873
169.5,1868.5
170.84375,1867.5
172.171875,1873
173.546875,1869
174.875,1872.25
176.21875,1882
177.5,1889.75
178.890625,1896
180.21875,1902
181.53125,1902.75
182.875,1918.25
184.21875,1938.5
185.5625,1947.25
186.90625,1960.5
188.21875,1975
189.578125,1986
190.90625,2006
192.203125,2013.5
193.578125,2045.25
194.90625,2056.75
196.234375,2089
197.53125,2102.75
198.890625,2130.5
200.21875,2161.75
201.515625,2174
202.9375,2219
204.234375,2250.75
205.546875,2296.5
206.890625,2338
208.21875,2363
209.546875,2406
210.90625,2457.75
212.203125,2501.75
213.53125,2555
214.875,2623.75
216.203125,2680
217.515625,2744
218.828125,2820.25
220.171875,2903
221.515625,2999.5
222.828125,3085
224.140625,3183.25
225.46875,3295
226.8125,3410.25
228.125,3535
229.46875,3660
230.78125,3817.5
232.125,3820.25
233.484375,3816
234.8125,3765.75
236.15625,3721.75
237.5,3691.25
238.859375,3646.5
240.1875,3595.75
241.53125,3579.25
242.890625,3496.75
244.234375,3457
245.578125,3439.75
246.921875,3431.75
248.265625,3405.75
257.171875,0
258.546875,0
259.890625,0
261.234375,0
262.578125,0
263.921875,0
265.265625,0
266.609375,0
267.953125,0
269.28125,0
270.625,0
271.96875,0
273.3125,0
274.65625,0
276,0
277.34375,0
278.671875,0
280.015625,0
281.359375,0
274.96875,3524.25
276.3125,3519.25
277.6875,3068.5
279.0625,2782
280.421875,2624.5
281.8125,2444
283.21875,2210.5
284.578125,2181.25
285.859375,2205.25
287.234375,2223.5
288.515625,2249
289.875,2270
291.171875,2307.25
292.5,2337.5
293.8125,2438.5
295.171875,2336.5
296.546875,2273.75
297.890625,2195.75
299.28125,2131
300.640625,2080.25
301.96875,2037.75
303.34375,1978.5
311.921875,0
306.046875,1888
307.390625,1843
308.734375,1807
310.109375,1773.25
311.453125,1735
312.765625,1706.25
314.15625,1672.5
315.484375,1649.75
316.859375,1625.5
318.21875,1599.75
319.5,1580
320.875,1562
322.21875,1538.75
323.578125,1512.5
324.921875,1502.5
326.234375,1490.75
327.625,1473
328.96875,1457.5
330.25,1449.75
331.609375,1436.25
332.984375,1427.75
334.3125,1419.25
335.640625,1408
337.046875,1396.75
338.328125,1394.25
339.71875,1382.75
341.046875,1377.75
342.359375,1375.75
343.71875,1372.75
345.046875,1366
346.359375,1363
347.765625,1363.5
349.03125,1362
350.40625,1298.5
351.75,1357.5
353.046875,1361
354.375,1364
355.75,1370
357.0625,1370.25
358.390625,1375.75
359.6875,1381
1.0625,1386.25
2.359375,1393.25
3.71875,1401.5
5.046875,1406
6.40625,1420.25
7.703125,1427
9.015625,1440.75
10.34375,1454.5
11.71875,1464.25
13,1481.25
14.375,1490.75
15.671875,1507.25
16.953125,1524
18.3125,1543.25
19.671875,1563.25
20.953125,1587
22.296875,1607.75
23.609375,1628.5
24.9375,1660.25
26.265625,1680.25
27.578125,1708.25
28.90625,1740.25
30.203125,1771
31.546875,1808.75
32.828125,1849
34.15625,1888.75
35.546875,1924.25
36.84375,1970.75
38.140625,2027.25
39.46875,2088.75
40.796875,2144
42.09375,2203
43.453125,2278.5
44.765625,2315
46.140625,2283.75
47.453125,2264.75
48.765625,2305.25
50.15625,2268
51.4375,2328.5
52.765625,2340.5
54.109375,2322.5
55.46875,2287.75
56.828125,2269
58.171875,2243.25
59.5,2226
60.859375,2209.25
62.203125,2202.5
63.53125,2169.25
64.90625,2159.25
66.25,2150.75
67.578125,2144
68.953125,2131.75
70.265625,2108
71.59375,2109.25
72.96875,2099
74.296875,2102.25
75.640625,2106.75
76.90625,2197.25
78.28125,2131.5
79.640625,2138.5
80.953125,2136.5
82.3125,2141.5
83.578125,2162.25
84.921875,2171.25
86.234375,2164
87.59375,2184.25
88.921875,2176
90.203125,2189.75
91.5625,2196.25
92.875,2218.25
94.25,2216.25
95.578125,2237.25
104.25,0
105.578125,0
99.546875,2191.5
100.875,2226
102.21875,2245.25
110.921875,0
112.25,0
113.59375,0
114.921875,0
116.25,0
117.578125,0
118.921875,0
120.25,0
121.59375,0
122.921875,0
124.25,0
125.59375,0
119.453125,2685
120.765625,2727.25
122.09375,2767
123.46875,2717.75
124.8125,2644.75
126.15625,2588.5
127.515625,2539.25
128.84375,2486.75
130.171875,2432
131.53125,2378
132.875,2354.25
134.21875,2306.25
135.59375,2252.5
136.890625,2236.5
138.25,2204.75
139.59375,2163.25
140.96875,2131.75
142.3125,2112
143.640625,2091
144.96875,2060
146.34375,2043.75
147.640625,2027.25
148.984375,2004.25
150.3125,1987.25
151.671875,1976.5
152.984375,1966.25
154.34375,1947.25
155.703125,1933.75
157.078125,1923
158.421875,1907
159.75,1901.75
161.09375,1897
162.4375,1890
163.796875,1885
165.140625,1876.5
166.4375,1870.5
167.828125,1871.25
169.109375,1870.5
170.4375,1870.5
171.78125,1870.5
173.15625,1876.5
174.484375,1874.25
175.84375,1875.5
177.140625,1878.25
178.46875,1891.75
179.8125,1899.75
181.1875,1900.25
182.53125,1909.25
183.828125,1929.5
185.1875,1938.75
186.5,1949
187.828125,1971.5
189.140625,1981.5
190.5,1992.25
191.84375,2013
193.15625,2034.75
194.5,2052.25
195.8125,2068.25
197.15625,2102.25
198.484375,2114.5
199.828125,2145.25
201.15625,2169.5
202.484375,2210
203.84375,2239.5
205.171875,2272.75
206.484375,2313.5
207.8125,2357.25
209.15625,2386.25
210.484375,2434.5
211.78125,2494.25
213.125,2541.75
214.46875,2595
215.765625,2642.75
217.125,2714.75
218.421875,2791.75
219.765625,2881
221.09375,2946.25
222.40625,3052
223.734375,3137.5
225.046875,3242.25
226.375,3347.25
227.703125,3479
229,3582.75
230.328125,3763
231.671875,3855.5
233,3850
234.328125,3798.75
235.6875,3763
237.015625,3707.75
238.359375,3678.75
239.71875,3646.5
241.046875,3588.75
242.390625,3550.75
243.75,3480.25
245.09375,3459.25
246.421875,3443.25
247.78125,3421.5
256.671875,0
258.03125,0
259.375,0
260.703125,0
262.046875,0
263.375,0
264.71875,0
266.0625,0
267.40625,0
268.734375,0
270.078125,0
271.421875,0
272.75,0
274.09375,0
275.4375,0
276.765625,0
278.109375,0
279.453125,0
280.78125,0
274.421875,3501.5
275.734375,3518.25
277.109375,3225
278.5,2906.25
279.875,2695.5
281.25,2528.5
282.609375,2288.75
283.96875,2187.5
285.328125,2194
286.625,2207
287.96875,2230
289.28125,2247.5
290.625,2285.25
291.9375,2312.5
293.25,2342.5
294.578125,2379
295.921875,2302.75
297.265625,2233.75
298.6875,2177.75
300.046875,2114
301.40625,2051.75
302.703125,2006.5
304.078125,1951.75
305.40625,1897.75
306.796875,1866.75
308.09375,1827.25
309.46875,1789.75
310.8125,1750.75
312.15625,1723.25
313.515625,1700
314.890625,1664.5
316.234375,1636.25
317.53125,1617.5
318.90625,1593.75
320.296875,1565.5
321.640625,1545.75
323.015625,1531.5
324.328125,1511.5
325.640625,1496.25
327.015625,1482
328.390625,1468
329.71875,1456
331.09375,1440.75
332.421875,1426.75
333.71875,1416
335.046875,1413.5
336.453125,1401.25
337.796875,1395
339.125,1386.25
340.46875,1381
341.75,1378.25
343.15625,1370.5
344.453125,1365.5
345.8125,1364.25
347.109375,1361.25
348.390625,1354
349.8125,1298.75
351.109375,1348.75
352.390625,1361
353.796875,1363
355.09375,1366
356.453125,1366.75
357.71875,1373.75
359.109375,1377.5
0.390625,1386.5
1.703125,1390.25
3.046875,1394.25
4.390625,1404
5.6875,1410.25
7.046875,1422
8.34375,1429.5
9.6875,1441.25
11.0625,1455.75
12.40625,1470.75
13.6875,1482.25
15.046875,1498.75
16.359375,1520.25
17.640625,1531
19.015625,1539.75
20.3125,1566.75
21.609375,1594.5
22.953125,1609.75
24.296875,1638.25
25.609375,1657.5
26.890625,1688.25
28.21875,1716.75
29.5625,1747
30.875,1783.25
32.203125,1817
33.53125,1854
34.875,1895.75
36.25,1930.75
37.515625,1984
38.890625,2033.5
40.171875,2112.5
41.515625,2162.25
42.84375,2236.75
44.125,2303.25
45.484375,2309
46.796875,2276.75
48.1875,2289.5
49.5,2287.25
50.8125,2272.5
52.15625,2346.5
53.484375,2326.5
54.828125,2304.25
56.203125,2278
57.515625,2263.5
58.90625,2243.25
60.25,2218.5
61.59375,2209.5
62.9375,2184.75
64.265625,2168.25
65.609375,2159.25
66.921875,2153
68.28125,2135.25
69.609375,2124.5
70.984375,2106.75
72.296875,2116.25
73.65625,2103.5
75.015625,2093.75
76.3125,2107.25
77.65625,2156.25
78.96875,2152.5
80.359375,2136.75
81.6875,2139.75
82.90625,2152.5
84.234375,2161.5
85.578125,2159.75
86.890625,2171
88.234375,2169.25
89.578125,2174.75
90.90625,2198
92.21875,2207
93.578125,2198
94.90625,2216.75
103.578125,0
97.546875,2244.75
106.25,0
100.234375,2210.5
101.5625,2230
102.875,2258.75
111.578125,0
112.921875,0
114.234375,0
115.5625,0
116.890625,0
118.21875,0
119.546875,0
120.875,0
122.21875,0
123.546875,0
124.875,0
126.203125,0
127.53125,0
121.375,2745.5
122.71875,2762.5
124.078125,2704.75
125.421875,2634.5
126.78125,2581.25
128.125,2511.5
129.46875,2455
130.828125,2421
132.15625,2372.75
133.484375,2338
134.84375,2315.5
136.171875,2248.5
137.546875,2216.75
138.859375,2187.5
140.1875,2163.25
141.5625,2138.5
142.875,2103.25
144.234375,2088.25
145.5625,2062
146.9375,2046
148.234375,2014.25
149.5625,2007.25
150.90625,1988
152.28125,1973.5
153.609375,1958.5
154.984375,1944
156.328125,1935.25
157.640625,1923
158.96875,1907
160.328125,1903.25
161.65625,1888
162.96875,1887.75
164.328125,1889
165.65625,1874.25
166.96875,1875
168.328125,1869.75
169.6875,1864.5
171.015625,1871.25
172.328125,1869.75
173.6875,1871.25
175,1876.5
176.328125,1881.75
177.671875,1891.25
179.03125,1894.75
180.375,1901
181.734375,1905.25
183.078125,1918.75
184.40625,1935.25
185.71875,1941.25
187.015625,1959.25
188.40625,1975.25
189.71875,1981.75
191.046875,2006
192.359375,2015.25
193.6875,2043.5
195.03125,2058.75
196.34375,2077.25
197.703125,2102.25
199,2134
200.359375,2157.5
201.6875,2181.25
203.03125,2219.5
204.3125,2249
205.6875,2284.25
207,2313.5
208.296875,2363
209.640625,2407
210.96875,2444
212.3125,2504.5
213.625,2550.75
214.9375,2617.75
216.296875,2682.75
217.609375,2737.25
218.921875,2815.5
220.25,2881
221.578125,2971.75
222.890625,3071.25
224.21875,3176.25
225.53125,3289.75
226.90625,3408
228.234375,3526.5
229.5625,3657.5
230.890625,3861
232.21875,3850
233.5625,3818.75
234.921875,3801.25
236.265625,3735.75
237.59375,3693.75
238.9375,3647.75
240.265625,3630.75
241.625,3586.25
242.984375,3490.75
244.3125,3478
245.671875,3442
247,3431.75
248.328125,3413.75
257.265625,0
258.578125,0
259.90625,0
261.25,0
262.59375,0
263.921875,0
265.265625,0
266.609375,0
267.9375,0
269.28125,0
270.625,0
271.953125,0
273.296875,0
274.625,0
275.96875,0
277.3125,0
278.65625,0
279.984375,0
281.328125,0
274.984375,3545.75
276.296875,3559.25
277.703125,3100.75
279.078125,2807.75
280.4375,2637.25
281.84375,2386.75
283.21875,2219.5
284.546875,2192.25
285.890625,2205.5
287.203125,2220
288.5,2259.25
289.84375,2281
291.203125,2297.75
292.515625,2313
293.8125,2450
295.140625,2355.75
296.484375,2272.5
297.890625,2218.5
299.28125,2147.75
300.609375,2082.75
301.96875,2038.5
303.34375,1980.25
304.6875,1950
306.03125,1891
307.40625,1849.5
308.75,1810
310.09375,1774.75
311.4375,1739.5
312.78125,1706.75
314.1875,1675
315.484375,1655.75
316.8125,1623.5
318.203125,1603.75
319.515625,1579.5
320.90625,1557.5
322.234375,1546.5
323.640625,1524.75
324.984375,1506.5
326.34375,1493.5
327.6875,1471.25
329.015625,1462.25
330.421875,1444.75
331.734375,1435.75
333.09375,1420.5
334.390625,1415.5
335.75,1404.25
337.078125,1397.5
338.421875,1386.75
339.8125,1379
341.140625,1375.75
342.5,1372.75
343.859375,1367.25
345.140625,1359
346.515625,1356.75
347.84375,1360.5
349.171875,1354.5
350.484375,1312.25
351.8125,1360.75
353.15625,1362.75
354.515625,1363.5
355.84375,1361.5
357.171875,1371.5
358.5,1371.75
359.8125,1378.5
1.125,1379.75
2.484375,1385.75
3.765625,1394.5
5.140625,1400.25
6.5,1415.5
7.78125,1425
9.109375,1434.5
10.46875,1454.75
11.78125,1458.25
13.0625,1473.5
14.40625,1487
15.75,1504.5
17.015625,1519.75
18.375,1536.75
19.734375,1561
21.046875,1575
22.3125,1599
23.671875,1619.5
24.984375,1644.5
26.265625,1675.5
27.625,1700.5
28.921875,1731.25
30.296875,1752
31.609375,1788.75
32.890625,1832.75
34.203125,1870.75
35.546875,1912.5
36.875,1954
38.1875,2001.75
39.515625,2062.75
40.828125,2122
42.171875,2190
43.453125,2249
44.796875,2318
46.125,2303.25
47.453125,2267.25
48.796875,2303.25
50.140625,2271
51.5,2298.25
52.796875,2342
54.15625,2310
55.5,2299.25
56.8125,2271.5
58.140625,2245.75
59.46875,2222.75
60.828125,2212.75
62.15625,2199
63.53125,2184.25
64.859375,2158.75
66.1875,2152
67.5,2145.75
68.875,2119.75
70.203125,2113.75
71.515625,2107.25
72.890625,2108.75
74.1875,2098
75.546875,2088.25
76.890625,2106.75
78.203125,2154.5
79.546875,2149
80.875,2128.5
82.203125,2137.75
83.46875,2154.25
84.796875,2157.25
86.15625,2166.5
87.484375,2162.25
88.8125,2180
90.15625,2188.25
91.484375,2193.5
92.78125,2196.75
94.15625,2214
95.453125,2238.25
96.796875,2240.5
105.46875,0
106.8125,0
100.796875,2221.75
102.125,2221.75
110.796875,0
112.125,0
113.46875,0
114.734375,0
116.078125,0
117.40625,0
118.734375,0
120.0625,0
121.390625,0
122.71875,0
124.046875,0
125.375,0
126.71875,0
120.5625,2678
121.90625,2750.5
123.234375,2707.75
124.578125,2699.75
125.90625,2619.75
127.265625,2551.25
128.609375,2509.75
129.921875,2443.5
131.34375,2404.25
132.671875,2357.25
134.015625,2313.5
135.34375,2293.5
136.71875,2246
138.015625,2211.5
139.40625,2184.25
140.703125,2147.5
142.03125,2123.25
143.390625,2097.5
144.734375,2067
146.078125,2053
147.40625,2035.5
148.78125,2009.25
150.109375,1999.75
151.421875,1980.75
152.78125,1964
154.109375,1946.5
155.4375,1939.25
156.78125,1931.5
158.109375,1917.5
159.421875,1904.75
160.75,1898.75
162.109375,1893
163.453125,1891
164.8125,1883
166.140625,1876.5
167.4375,1866.25
168.796875,1866.5
170.109375,1871.75
171.421875,1868.25
172.765625,1877.25
174.09375,1871.75
175.453125,1877.5
176.75,1888.75
178.078125,1892.75
179.5625,1891.25
180.859375,1905
182.21875,1908.25
183.53125,1930.5
184.875,1930.5
186.1875,1949.75
187.546875,1964
188.875,1981
190.203125,1991.5
191.515625,2008.25
192.875,2026.75
194.15625,2047
195.515625,2065.75
196.84375,2098.25
198.1875,2115.75
199.515625,2145.25
200.859375,2167.75
202.15625,2211
203.515625,2224.5
204.84375,2257.75
206.15625,2305.25
207.46875,2352.25
208.796875,2376.5
210.125,2429.25
211.5,2457.75
212.796875,2515.75
214.125,2575.75
215.453125,2631.75
216.765625,2707.75
218.09375,2789.5
219.40625,2846
220.75,2929.5
222.0625,3025.25
223.40625,3107.25
224.71875,3212
226.0625,3315
227.4375,3454.75
228.765625,3562.75
230.109375,3702.5
231.421875,3857
232.75,3829.75
234.109375,3817.5
235.453125,3732
236.796875,3710.25
238.15625,3686.25
239.484375,3640.5
240.84375,3638
242.1875,3588.75
243.53125,3518.25
244.890625,3451.25
246.25,3444.25
247.59375,3426
256.484375,0
257.84375,0
259.171875,0
260.5,0
261.84375,0
263.1875,0
264.53125,0
265.875,0
267.21875,0
268.5625,0
269.890625,0
271.234375,0
272.578125,0
273.921875,0
275.265625,0
276.609375,0
277.953125,0
279.296875,0
280.625,0
274.375,3524.25
275.578125,3502.75
276.921875,3416
278.3125,2985.75
279.71875,2722
281.0625,2577
282.4375,2329
283.859375,2197.5
285.171875,2192.25
286.5,2216.75
287.828125,2229.5
289.140625,2263.5
290.453125,2282.5
291.8125,2302.25
293.125,2342
294.4375,2417.25
295.78125,2319.5
297.15625,2243.75
298.5,2182.25
299.890625,2124.75
301.21875,2071
302.578125,2009.75
303.953125,1957.75
312.546875,0
306.625,1870.5
307.96875,1832.5
309.359375,1793.25
310.71875,1758
312.0625,1727.5
313.421875,1701
314.75,1669
316.109375,1639.75
317.46875,1618.5
318.8125,1589.5
320.140625,1571.25
321.5,1553.5
322.859375,1534.5
324.15625,1513.25
325.5,1499.75
326.859375,1484.25
328.234375,1465.5
329.578125,1456.5
330.921875,1439.5
332.25,1430.5
333.578125,1420.75
334.96875,1410.75
336.3125,1401.75
337.59375,1392.5
339,1387.25
340.3125,1384.5
341.65625,1375
342.9375,1369.5
344.28125,1365.25
345.65625,1361.75
347,1359
348.265625,1356
349.671875,1343.75
350.953125,1339
352.296875,1354.25
353.65625,1360
355,1362.5
356.3125,1362.75
357.625,1369.75
358.921875,1377
0.28125,1378.5
1.59375,1381.5
2.953125,1387
4.234375,1400
5.625,1408.25
6.890625,1416.75
8.265625,1427.5
9.59375,1440.25
10.890625,1451.75
12.203125,1467.75
13.515625,1474.5
14.859375,1489.5
16.171875,1511.5
17.515625,1530.25
18.796875,1549.5
20.15625,1564.25
21.5,1583.25
22.796875,1609
24.125,1627.5
25.4375,1657.25
26.75,1685.75
28.0625,1711.25
29.359375,1748
30.703125,1778.25
32.015625,1804
33.328125,1850.25
34.625,1886.5
36.046875,1928.75
37.328125,1968.75
38.6875,2020.75
39.984375,2090.25
41.3125,2143.5
42.625,2221.75
43.9375,2291.5
45.25,2316
46.609375,2280
47.953125,2257.75
49.265625,2285.75
50.625,2268.5
51.90625,2338
53.25,2334
54.609375,2301.25
55.953125,2291.5
57.3125,2256.75
58.625,2245.25
59.953125,2216.25
61.28125,2202.5
62.59375,2197.25
63.9375,2161.5
65.28125,2156.75
66.59375,2147.5
67.96875,2141.5
69.296875,2124
70.65625,2104.25
71.953125,2100
73.28125,2103.25
74.640625,2087.5
75.953125,2107.25
77.28125,2159.75
78.625,2150.75
79.953125,2132.75
81.296875,2141.5
82.625,2134.75
83.9375,2166.25
85.265625,2157.25
86.59375,2172.25
87.9375,2175.25
89.28125,2167
90.609375,2183.5
91.921875,2199
93.234375,2201.25
94.59375,2230
95.9375,2239.5
97.265625,2237.75
105.9375,0
99.953125,2211.75
101.28125,2231.25
102.59375,2240.5
111.265625,0
112.609375,0
113.9375,0
115.296875,0
116.640625,0
117.96875,0
119.3125,0
120.640625,0
121.984375,0
123.3125,0
124.640625,0
125.984375,0
127.3125,0
121.171875,2736
122.484375,2766.25
123.859375,2702
125.1875,2653.75
126.578125,2577.5
127.921875,2533.25
129.25,2470.25
130.703125,2425.25
132.046875,2375.75
133.359375,2338.5
134.75,2298.75
136.0625,2262.5
137.421875,2220.5
138.78125,2199.75
140.125,2163.5
141.5,2133
142.84375,2107.5
144.1875,2078.25
145.484375,2058.5
146.84375,2042.75
148.21875,2023.75
149.5625,2005.25
150.890625,1981.75
152.265625,1972.75
153.59375,1950
154.921875,1942
156.28125,1929.75
157.578125,1917.25
158.953125,1904
160.28125,1900
161.609375,1893.75
162.953125,1888.75
164.296875,1883.5
165.640625,1882.75
167,1877.5
168.34375,1870
169.65625,1871.75
171.03125,1871.25
172.34375,1867.5
173.671875,1876
175.03125,1873.25
176.328125,1890.75
177.703125,1891.25
179.09375,1897.25
180.421875,1902
181.75,1906.75
183.109375,1928
184.4375,1936
185.765625,1949
187.09375,1962
188.453125,1977.75
189.78125,1982.5
191.140625,1995
192.453125,2016.75
193.765625,2042
195.15625,2056.75
196.4375,2082
197.8125,2107.5
199.140625,2119
200.4375,2154.25
201.796875,2184.75
203.15625,2219
204.453125,2248
205.8125,2298.25
207.125,2320.5
208.484375,2369
209.765625,2409.25
211.140625,2452.75
212.46875,2513.25
213.78125,2556.25
215.109375,2619
216.4375,2674.5
217.78125,2739.5
219.09375,2821
220.4375,2912
221.75,2991.75
223.0625,3077.75
224.40625,3178.25
225.75,3287.5
227.046875,3409.25
228.390625,3532.5
229.703125,3670
231.03125,3836.5
232.375,3829.75
233.71875,3813.5
235.078125,3769.5
236.421875,3717.75
237.75,3685
239.09375,3671.25
240.453125,3627
241.78125,3584
243.140625,3530.25
244.484375,3458.25
245.84375,3428.25
247.171875,3412.5
248.515625,3400.25
257.4375,0
258.78125,0
260.125,0
261.453125,0
262.8125,0
264.140625,0
265.484375,0
266.828125,0
268.171875,0
269.515625,0
270.859375,0
272.1875,0
273.53125,0
274.875,0
276.21875,0
277.5625,0
278.890625,0
280.234375,0
274,3478
275.1875,3536.25
276.53125,3492
277.90625,3031.5
279.296875,2759.5
280.6875,2551.25
282.046875,2353.25
283.453125,2203.75
284.765625,2196.25
286.09375,2211
287.4375,2235
288.765625,2256.75
290.09375,2277.5
291.375,2306.25
292.71875,2334
294.046875,2436.25
295.421875,2349.5
296.765625,2256.75
298.078125,2193.25
299.515625,2127.75
300.859375,2071
302.203125,2015
303.609375,1964
312.1875,0
306.28125,1880.5
307.65625,1834.5
309,1801
310.375,1766
311.734375,1733.25
313.046875,1703.25
314.390625,1667.5
315.78125,1640.5
317.109375,1620
318.46875,1593.25
319.859375,1574.75
321.15625,1556.25
322.484375,1535.5
323.875,1514.75
325.203125,1498
326.53125,1482.25
327.890625,1470.25
329.234375,1454.25
330.625,1445.5
331.9375,1425.5
333.265625,1422.75
334.625,1408.5
335.921875,1401.25
337.25,1395.75
338.6875,1382
339.96875,1377
341.328125,1375
342.640625,1372.5
344.03125,1366.25
345.359375,1357
346.640625,1356.5
348.03125,1355
349.359375,1349.25
350.734375,1338
351.984375,1355.5
353.375,1356
354.71875,1357.5
356.046875,1365.25
357.3125,1372.75
358.65625,1373.25
0,1376.5
1.375,1385.75
2.6875,1388.25
4.0625,1396.75
5.390625,1405
6.734375,1416.75
8,1427
9.359375,1437.75
10.625,1449.75
12.015625,1461
13.359375,1473.75
14.6875,1486.75
15.96875,1510.5
17.34375,1517.25
18.640625,1538.5
19.984375,1561.75
21.296875,1578.75
22.640625,1599.25
23.96875,1626
25.265625,1653.25
26.625,1674.5
27.890625,1706.25
29.203125,1741
30.546875,1771
31.84375,1808
33.21875,1839.75
34.546875,1879.75
35.90625,1919.25
37.25,1967.25
38.578125,2008.25
39.890625,2086.25
41.21875,2137.25
42.515625,2201.25
43.859375,2286.25
45.1875,2315
46.53125,2288.25
47.875,2257.75
49.234375,2284.25
50.546875,2263.5
51.890625,2320.5
53.234375,2343.5
54.5625,2305.25
55.953125,2283.25
57.265625,2272
58.609375,2241.5
59.96875,2224.5
61.296875,2208.75
62.671875,2193.5
64.015625,2169.5
65.359375,2158.75
66.703125,2149
68.03125,2142.75
69.375,2111.25
70.71875,2121.5
72.046875,2105.25
73.421875,2101.5
74.734375,2086.75
76.078125,2104
77.375,2189.75
78.765625,2156.25
80.09375,2146.5
81.4375,2137.25
82.71875,2133.5
84.03125,2166.5
85.375,2155
86.71875,2167.75
88.03125,2158.5
89.375,2173
90.71875,2199.25
92.03125,2191
93.390625,2205.5
94.6875,2232.75
96,2242.5
97.375,2246
106.046875,0
100.046875,2208.25
101.40625,2221.25
102.6875,2259.75
111.40625,0
112.734375,0
114.0625,0
115.390625,0
116.71875,0
118.046875,0
119.390625,0
120.71875,0
122.0625,0
123.390625,0
124.71875,0
126.0625,0
119.9375,2692.75
121.28125,2737.25
122.578125,2756.5
123.9375,2711.25
125.28125,2644.75
126.609375,2593.25
127.984375,2543.5
129.3125,2492.5
130.65625,2436.75
131.984375,2384.25
133.3125,2352.25
134.6875,2299.75
136.015625,2269.5
137.375,2240
138.6875,2204.25
140.03125,2165.75
141.375,2144.5
142.703125,2106.5
144.09375,2089.75
145.390625,2075.25
146.765625,2051.75
148.09375,2029.75
149.4375,2006.75
150.78125,1989.25
152.109375,1975
153.453125,1965.75
154.796875,1954.75
156.171875,1935
157.5,1925
158.875,1907.25
160.21875,1904.25
161.5,1895.75
162.890625,1884
164.1875,1885.75
165.546875,1881.75
166.890625,1879.75
168.1875,1877
169.5625,1876.5
170.890625,1869.75
172.25,1875.5
173.53125,1872.75
174.90625,1874.25
176.234375,1881.75
177.578125,1892.25
178.875,1894.75
180.203125,1902.75
181.5625,1906
182.890625,1927.75
184.21875,1934
185.53125,1940
186.875,1950.75
188.234375,1975.25
189.53125,1989.75
190.890625,1997.25
192.21875,2014.5
193.546875,2043.75
194.875,2058
196.203125,2079.5
197.546875,2099
198.859375,2120.25
200.203125,2155.75
201.5,2178.75
202.921875,2211.75
204.203125,2242
205.53125,2282.5
206.859375,2322.5
208.1875,2365.5
209.515625,2392.75
210.84375,2446.25
212.171875,2507.5
213.515625,2549.5
214.84375,2608.25
216.140625,2669
217.484375,2733
218.796875,2815.5
220.125,2895.75
221.46875,2981.25
222.78125,3063
224.109375,3163.5
225.421875,3270
226.734375,3374.75
228.09375,3508.5
229.40625,3644
230.703125,3806.75
232.0625,3850
233.40625,3822.75
234.71875,3765.75
236.0625,3725.5
237.421875,3692.5
238.765625,3665
240.109375,3627
241.453125,3607.75
242.78125,3523
244.125,3498
245.484375,3445.5
246.828125,3421.5
248.140625,3409.25
257.0625,0
258.4375,0
259.78125,0
261.109375,0
262.453125,0
263.796875,0
265.140625,0
266.484375,0
267.828125,0
269.15625,0
270.5,0
271.84375,0
273.171875,0
274.515625,0
275.859375,0
277.203125,0
278.546875,0
279.875,0
281.21875,0
274.875,3526.5
276.203125,3568.5
277.578125,3099
278.953125,2829.5
280.3125,2653.75
281.71875,2384.75
283.125,2211.75
284.453125,2184.75
285.78125,2212.25
287.09375,2225.5
288.4375,2253.5
289.75,2272
291.046875,2305.75
292.421875,2315
293.71875,2454.5
295.09375,2349
296.40625,2272
297.765625,2191.5
299.203125,2139
300.609375,2081
301.921875,2039.25
303.28125,1980
304.625,1945.5
306.015625,1891.25
307.359375,1840.75
308.734375,1810.25
310.0625,1773
311.4375,1740.5
312.765625,1703.5
314.15625,1675
315.46875,1653.25
316.796875,1623.5
318.15625,1606
319.5625,1577.5
320.90625,1555.25
322.21875,1537
323.59375,1522.25
324.984375,1501.25
326.34375,1483.75
327.6875,1471
329.03125,1461.75
330.390625,1445.75
331.75,1437
333.03125,1419
334.390625,1412.75
335.71875,1401.25
337.140625,1397.5
338.40625,1386.25
339.828125,1379.75
341.109375,1374.25
342.4375,1376
343.796875,1370.5
345.140625,1358
346.515625,1358.25
347.84375,1360.5
349.109375,1353.5
350.53125,1343.75
351.859375,1361
353.1875,1355
354.53125,1355.5
355.859375,1360
357.140625,1366.25
358.5,1370.25
359.8125,1377.5
1.171875,1383
2.5,1391.75
3.859375,1397.5
5.171875,1401.5
6.484375,1418.75
7.8125,1422.25
9.203125,1440
10.46875,1452
11.875,1456.25
13.140625,1473.5
14.484375,1484.25
15.796875,1497.5
17.125,1526.5
18.515625,1533
19.8125,1557.75
21.171875,1572.5
22.453125,1597.75
23.78125,1622
25.109375,1643.25
26.4375,1671.5
27.78125,1701.25
29.09375,1732.5
30.390625,1752.5
31.71875,1797.5
33.0625,1834.5
34.359375,1874
35.703125,1912
36.984375,1961
38.296875,2007.25
39.671875,2070
40.953125,2132.75
42.296875,2194
43.578125,2259.75
44.90625,2326.5
46.28125,2301.25
47.625,2261.5
48.9375,2303.75
50.3125,2268.5
51.640625,2297.75
52.9375,2339
54.328125,2308
55.65625,2297.75
57,2264.25
58.34375,2243.25
59.65625,2227.75
61,2213.75
62.375,2195.25
63.71875,2182.5
65.046875,2163.5
66.40625,2150.25
67.734375,2143.5
69.046875,2118.75
70.4375,2110.75
71.75,2118.25
73.09375,2101.5
74.40625,2103.25
75.765625,2093.5
77.140625,2095.75
78.4375,2150.25
79.765625,2142.75
81.09375,2136.5
82.46875,2134.25
83.671875,2166.25
85.046875,2159.25
86.34375,2163.25
87.71875,2161.75
89.015625,2178.75
90.359375,2174.75
91.703125,2191.75
93,2193.25
94.359375,2215.5
95.6875,2232.25
104.359375,0
105.6875,0
107.03125,0
101.015625,2215
102.359375,2240
111.03125,0
112.359375,0
113.703125,0
115.046875,0
116.359375,0
117.703125,0
119.03125,0
120.375,0
121.703125,0
123.046875,0
124.375,0
125.703125,0
127.03125,0
120.890625,2758.75
122.25,2773.5
123.5625,2733.75
124.90625,2668.25
126.265625,2611
127.609375,2547.75
128.953125,2492.5
130.328125,2440
131.671875,2387.25
132.96875,2354.75
134.3125,2306.75
135.671875,2276.25
137.046875,2242.75
138.375,2203.75
139.71875,2180.75
141.046875,2146.5
142.421875,2112
143.71875,2091.5
145.09375,2067.25
146.40625,2050.75
147.75,2025.75
149.078125,2011.25
150.4375,1992.5
151.75,1978.25
153.125,1958.75
154.4375,1946.25
155.8125,1935.75
157.171875,1927
158.5,1916.5
159.859375,1903.25
161.15625,1901
162.5,1892
163.875,1892.25
165.171875,1877
166.5,1877
167.84375,1874
169.1875,1868.5
170.546875,1879.75
171.875,1877.5
173.1875,1871.75
174.53125,1875.25
175.890625,1876.5
177.21875,1889.25
178.546875,1896.25
179.96875,1898.25
181.296875,1902.25
182.65625,1908.25
183.96875,1919.5
185.3125,1938.75
186.640625,1944.75
187.96875,1968.25
189.296875,1981.75
190.59375,1994.5
191.984375,2011.5
193.3125,2032
194.625,2060
195.96875,2077.5
197.296875,2101.5
198.609375,2122
199.953125,2147
201.296875,2173
202.703125,2204.25
204.015625,2242
205.375,2274.25
206.703125,2314
208.046875,2347.5
209.375,2390
210.6875,2435.25
212.046875,2481.5
213.34375,2546
214.703125,2590.5
216.015625,2668.25
217.375,2722
218.6875,2809.25
220,2863.5
221.328125,2958.25
222.671875,3057.5
223.984375,3141.5
225.34375,3249.25
226.6875,3379
228,3488.5
229.34375,3599.25
230.640625,3785.5
231.984375,3839.25
233.359375,3832.25
234.6875,3789.5
236.046875,3750
237.390625,3696.25
238.734375,3677.5
240.078125,3627
241.4375,3586.25
242.796875,3558
244.125,3485
245.484375,3443.25
246.828125,3453.5
248.171875,3412.5
257.09375,0
258.421875,0
259.765625,0
261.109375,0
262.453125,0
263.796875,0
265.140625,0
266.484375,0
267.828125,0
269.171875,0
270.515625,0
271.859375,0
273.203125,0
274.546875,0
275.875,0
277.21875,0
278.5625,0
279.90625,0
281.25,0
274.90625,3523
276.25,3539.75
277.65625,3132.75
279.03125,2853
280.375,2685
281.765625,2397
283.15625,2245.25
284.515625,2187
285.859375,2206
287.171875,2220.5
288.515625,2243.75
289.828125,2272
291.171875,2301.25
292.484375,2330
293.8125,2459.5
295.171875,2357.75
296.546875,2289.5
297.890625,2221.75
299.234375,2139
300.578125,2082.75
301.96875,2031.25
303.28125,1993
304.65625,1948.25
306,1887.75
307.375,1853
308.71875,1812.75
310.078125,1776.5
311.421875,1742
312.75,1710.5
314.125,1685
315.46875,1652.5
316.828125,1627
318.15625,1606.25
319.515625,1578.75
320.890625,1561.5
322.203125,1537.25
323.609375,1513.75
324.96875,1506
326.28125,1487.5
327.609375,1477.5
328.96875,1462.5
330.34375,1446.75
331.671875,1439.75
333,1423.75
334.375,1415.75
335.6875,1402.5
337.078125,1397
338.421875,1385.75
339.703125,1380.5
341.125,1377.5
342.453125,1372.75
343.8125,1366.25
345.09375,1359.5
346.46875,1360.25
347.734375,1359.5
349.125,1353
350.40625,1331.75
351.765625,1355.75
353.09375,1357.25
354.421875,1363.5
355.75,1364
357.0625,1373.25
358.4375,1369.75
359.734375,1379.75
1.078125,1379.75
2.453125,1381
3.734375,1396.25
5.09375,1402
6.453125,1414.75
7.734375,1422.25
9.0625,1432.25
10.421875,1448.25
11.78125,1457.5
13.09375,1475
14.421875,1485
15.703125,1509.25
17.0625,1523.25
18.375,1537.25
19.734375,1555.75
21.078125,1580
22.359375,1597.5
23.71875,1625
25.03125,1641.25
26.34375,1671
27.671875,1700.25
29.015625,1733
30.3125,1753
31.609375,1792.75
32.9375,1832.75
34.25,1875
35.59375,1922
36.921875,1962
38.234375,2000.25
39.5625,2080.75
40.890625,2134.75
42.203125,2194.5
43.53125,2257.25
44.828125,2330.5
46.1875,2287.75
47.515625,2263
48.84375,2307.25
50.1875,2272.5
51.515625,2305.75
52.859375,2334
54.234375,2310.5
55.578125,2298.75
56.90625,2274.25
58.25,2241
59.609375,2219.5
60.9375,2206.5
62.265625,2204.75
63.640625,2172.5
64.953125,2161.5
66.296875,2148.25
67.671875,2143.5
69,2117.75
70.328125,2122
71.6875,2105.5
73.03125,2101
74.359375,2099.5
75.71875,2087.75
77.046875,2114
78.328125,2160.25
79.671875,2143.25
81.03125,2137.25
82.375,2149.5
83.703125,2144.75
85.015625,2162.25
86.359375,2165.25
87.703125,2167.75
89,2170.5
90.375,2182.5
91.65625,2205.25
93,2191.5
94.359375,2217.25
95.671875,2232.75
104.375,0
105.703125,0
107.03125,0
101.046875,2221.75
102.375,2231.75
111.046875,0
112.390625,0
113.71875,0
115.046875,0
116.390625,0
117.71875,0
119.0625,0
120.40625,0
121.734375,0
123.078125,0
124.40625,0
125.75,0
127.078125,0
120.96875,2748.25
122.265625,2771.5
123.625,2729.25
125,2659.75
126.328125,2614.25
127.6875,2537.5
129.015625,2494.75
130.359375,2441.25
131.734375,2401.75
133.09375,2356.25
134.46875,2310
135.796875,2269.5
137.15625,2240.5
138.484375,2204.75
139.828125,2168.75
141.171875,2152.5
142.546875,2116.5
143.90625,2093.75
145.25,2063.75
146.578125,2046.5
147.90625,2029.5
149.25,2005.75
150.578125,1993
151.953125,1977.5
153.3125,1959.75
154.640625,1950
155.9375,1933.75
157.328125,1928.75
158.671875,1909
160,1903
161.359375,1898.25
162.671875,1888.75
164.03125,1879.5
165.34375,1880.25
166.703125,1879.5
168.046875,1873
169.40625,1866.75
170.6875,1873.75
172.03125,1870.5
173.421875,1869
174.71875,1875
176.09375,1884
177.40625,1889
178.8125,1894
180.15625,1897.25
181.5,1903.25
182.828125,1919.5
184.140625,1928.5
185.46875,1936.5
186.828125,1950.75
188.203125,1963.25
189.515625,1981.75
190.828125,1998
192.140625,2015.75
193.5,2033.25
194.859375,2055.25
196.171875,2067
197.484375,2103.25
198.828125,2119.5
200.1875,2147.75
201.484375,2179.25
202.796875,2213.75
204.140625,2241.5
205.484375,2289.5
206.8125,2312.5
208.140625,2357.75
209.484375,2386.75
210.78125,2443.5
212.125,2497
213.453125,2543.5
214.765625,2596.5
216.09375,2678
217.4375,2728.5
218.765625,2810
220.078125,2877
221.421875,2961.5
222.734375,3062
224.046875,3159.75
225.375,3256.5
226.78125,3356
228.09375,3506.25
229.421875,3627
230.765625,3784
232.09375,3837.75
233.4375,3836.5
234.796875,3768.25
236.125,3739.75
237.5,3700
238.828125,3662.5
240.171875,3629.5
241.53125,3600.5
242.875,3552
244.21875,3493.25
245.5625,3445.5
246.90625,3433
248.25,3409.25
257.171875,0
258.484375,0
259.828125,0
261.15625,0
262.5,0
263.84375,0
265.171875,0
266.515625,0
267.859375,0
269.203125,0
270.546875,0
271.890625,0
273.21875,0
274.5625,0
275.90625,0
277.25,0
278.59375,0
279.921875,0
281.265625,0
274.9375,3503.75
276.25,3554.5
277.640625,3122.5
279.03125,2836.5
280.40625,2673
281.796875,2399
283.171875,2230
284.53125,2184.75
285.84375,2203
287.1875,2224.5
288.53125,2260
289.828125,2275.75
291.1875,2290.5
292.484375,2327.5
293.796875,2451.75
295.140625,2356.25
296.546875,2272.75
297.84375,2211.5
299.265625,2134.25
300.578125,2082
301.96875,2034.25
303.28125,1990.5
304.640625,1935.75
306.015625,1893.25
307.375,1848
308.734375,1817.25
310.0625,1778
311.40625,1741.5
312.796875,1704.75
314.15625,1682
315.46875,1653.5
316.796875,1623.75
318.171875,1601
319.546875,1583.25
320.859375,1562.25
322.234375,1536.25
323.625,1524.5
324.984375,1507
326.328125,1483.75
327.6875,1475.5
329.046875,1461.5
330.359375,1444.25
331.703125,1436.5
333.015625,1421.75
334.390625,1415.25
335.78125,1401.75
337.09375,1395.25
338.421875,1391.75
339.734375,1384.5
341.15625,1377
